,return,sharpe_ratio,max_drawdown_ratio,max_drawdown_days
long,20.69305412566763,0.8919147885902967,0.6375816848521978,2216.0
short,1.7227931023277692,0.3155622655363391,0.8821804503514208,2279.0
hedging,9.930615053975847,1.072058341056796,0.7234971633887297,2425.0
