,return,sharpe_ratio,max_drawdown_ratio,max_drawdown_days
long,0.27846056908150035,-0.44482433271586824,0.747863659051452,3875.0
short,0.025263754838340893,-1.6784118303568638,0.9832379290183041,3556.0
hedging,0.10296935415272297,-3.8378126362118246,0.8978111947522305,3979.0
