,return,sharpe_ratio,max_drawdown_ratio,max_drawdown_days
long,2.6050076974158065,0.4292313672915859,0.6595475084848732,2727.0
short,0.3089798145470726,-0.2537964092639331,0.8930415817799573,2556.0
hedging,1.2871788529453876,0.22419732589924915,0.7498174745376184,2425.0
