,return,sharpe_ratio,max_drawdown_ratio,max_drawdown_days
long,1.148187489361788,0.18898919160429706,0.67962548305881,2727.0
short,0.1362117006867237,-0.6184165812140872,0.9376195643362321,3501.0
hedging,0.5376268848175113,-0.3680293436255144,0.7960911125362751,2731.0
