,return,sharpe_ratio,max_drawdown_ratio,max_drawdown_days
long,0.6688038733450259,-0.006721314851134772,0.6771767506733386,2793.0
short,0.07953629760711241,-0.9255993628022479,0.9577970529135934,3531.0
hedging,0.3009086683406882,-0.9844342736834474,0.8108626979161822,2731.0
