,return,sharpe_ratio,max_drawdown_ratio,max_drawdown_days
long,0.9459271577424059,0.12025449717791278,0.6684205296906481,2727.0
short,0.1123367195832955,-0.7356683105476698,0.9484908491829912,3501.0
hedging,0.4332721865536051,-0.5868066331074583,0.7977106213514057,2731.0
