,return,sharpe_ratio,max_drawdown_ratio,max_drawdown_days
long,0.4319515645317699,-0.1927001757918931,0.6799217409216065,2785.0
short,0.05318058355784827,-1.1957644234646074,0.971652031101391,3556.0
hedging,0.1922946460312138,-1.7093685129420568,0.8333285809243506,3090.0
