,return,sharpe_ratio,max_drawdown_ratio,max_drawdown_days
long,127.92855969632575,1.1848757194063162,0.6601515269372658,992.0
short,12.344657723225355,0.7560299772626202,0.8522077587741889,2281.0
hedging,76.01424546435308,1.5934711891983613,0.7116766419198051,2288.0
