,return,sharpe_ratio,max_drawdown_ratio,max_drawdown_days
long,94.82408190193718,1.1090159698298656,0.7384401694195932,2433.0
short,11.514273204376943,0.7314717431469222,0.8650735394460772,2320.0
hedging,65.00639859773595,1.4927083984588065,0.7585085337703487,2296.0
