,return,sharpe_ratio,max_drawdown_ratio,max_drawdown_days
long,0.3657096216162557,-0.28547657516415526,0.6823454264900354,2796.0
short,0.03598974488871853,-1.4361467197168303,0.9787673837446962,3556.0
hedging,0.14319958855229298,-2.4018728776973632,0.8646582690698714,3658.0
