,return,sharpe_ratio,max_drawdown_ratio,max_drawdown_days
long,8.081230475106299,0.7044068755055272,0.6443757854164245,290.0
short,0.8183746432235938,0.09642625309780799,0.8762783382473129,2289.0
hedging,3.974804204494374,0.764445769639628,0.7198904130984569,2425.0
