,return,sharpe_ratio,max_drawdown_ratio,max_drawdown_days
long,22.13821195574369,0.8988414981333418,0.6601515269372661,992.0
short,2.1012948101402604,0.3668813646524778,0.8563074452348409,2279.0
hedging,11.514528934032509,1.1108211403655774,0.6889348569619651,2386.0
