,return,sharpe_ratio,max_drawdown_ratio,max_drawdown_days
long,3.595918354482978,0.4855329422601972,0.7468740150419462,2727.0
short,0.17855367685167686,-0.35996750843639963,0.9268356212667166,3592.0
hedging,1.3350604916687974,0.22965422520784837,0.7995421948140823,2486.0
