,return,sharpe_ratio,max_drawdown_ratio,max_drawdown_days
long,8.838361359259997,0.6449739499282083,0.7701847219646241,2428.0
short,0.3952911158876146,-0.04394423134463203,0.8756781076041458,2463.0
hedging,3.623516465025602,0.5708166733088386,0.7833058141824227,2473.0
