,return,sharpe_ratio,max_drawdown_ratio,max_drawdown_days
long,0.20748538724364918,-0.5461568498411439,0.812983325284713,3875.0
short,0.0202790003965368,-1.8637428143000885,0.9848367940766809,3556.0
hedging,0.07966169203466686,-4.169878419390437,0.9207650608607922,3915.0
