,return,sharpe_ratio,max_drawdown_ratio,max_drawdown_days
long,0.3678905564858608,-0.16620699276328907,0.7518964368587855,2867.0
short,0.04298313037627766,-1.1964403085538338,0.9774135895069456,3553.0
hedging,0.16772777668805627,-1.3041656643805957,0.8661739516709724,3019.0
