,return,sharpe_ratio,max_drawdown_ratio,max_drawdown_days
long,0.3757934789040312,-0.13593343231011656,0.766561657967209,2869.0
short,0.0570071085342259,-1.022509942011488,0.9713947439995375,3553.0
hedging,0.1994571374668943,-1.0505776831914249,0.8568297346336644,3019.0
