,return,sharpe_ratio,max_drawdown_ratio,max_drawdown_days
long,0.5629013069926905,0.01974068147072955,0.7936670494917298,2727.0
short,0.08045115049924931,-0.7772897333994115,0.9632384655327894,3553.0
hedging,0.3070317173198326,-0.6067734718590317,0.8523492881380519,2727.0
