,return,sharpe_ratio,max_drawdown_ratio,max_drawdown_days
long,11.90328019728561,0.7037709069007926,0.6918632626665377,2428.0
short,0.3012406870217027,-0.1299382643023725,0.9045930699647411,2408.0
hedging,3.578627476263053,0.5799537628325447,0.7836127745710675,2473.0
