,return,sharpe_ratio,max_drawdown_ratio,max_drawdown_days
long,0.2692363576570673,-0.3529094961619397,0.7676740519702355,3871.0
short,0.031215752361032897,-1.5176982091862072,0.9804344312497911,3553.0
hedging,0.1162434457324475,-2.2742879818286106,0.8911410438375559,3865.0
