,return,sharpe_ratio,max_drawdown_ratio,max_drawdown_days
long,0.22533442010727106,-0.45627540782716014,0.7972596544230373,3871.0
short,0.025076420658460722,-1.6844965242757142,0.9829944684341728,3553.0
hedging,0.09382434793118773,-2.894336823962645,0.9089641343658336,3899.0
