,return,sharpe_ratio,max_drawdown_ratio,max_drawdown_days
long,1.606604088741517,0.30342277467427653,0.8224335732238629,2727.0
short,0.110691046163705,-0.5743668116432356,0.9502780530041507,3483.0
hedging,0.6506703442058532,-0.12136835116981208,0.8450246222575108,2727.0
