,return,sharpe_ratio,max_drawdown_ratio,max_drawdown_days
long,0.31401291091201594,-0.24585218144054866,0.7336508472375944,3871.0
short,0.03413301514540151,-1.376998142173722,0.9809373557956542,3556.0
hedging,0.13495171234298295,-1.6740632552752317,0.8808117439498913,3634.0
