,return,sharpe_ratio,max_drawdown_ratio,max_drawdown_days
long,4.662995141830389,0.5398258738912134,0.674390595873317,2727.0
short,0.17104285935673097,-0.3596872271794935,0.931021758729988,3610.0
hedging,1.505717480335621,0.2804992949184993,0.7743609012505248,2478.0
